-- Seed Users
INSERT INTO auth.users (id, instance_id, aud, role, email, encrypted_password, email_confirmed_at, recovery_sent_at, last_sign_in_at, raw_app_meta_data, raw_user_meta_data, created_at, updated_at, confirmation_token, email_change, email_change_token_new, recovery_token) VALUES ('66751a21-4d60-4bbd-937a-1aa4057c44d4', '00000000-0000-0000-0000-000000000000', 'authenticated', 'authenticated', 'user1@example.com', crypt('password123', gen_salt('bf')), now(), null, now(), '{"provider": "email", "providers": ["email"]}', '{"username": "user1"}', now(), now(), '', '', '', '');
INSERT INTO auth.users (id, instance_id, aud, role, email, encrypted_password, email_confirmed_at, recovery_sent_at, last_sign_in_at, raw_app_meta_data, raw_user_meta_data, created_at, updated_at, confirmation_token, email_change, email_change_token_new, recovery_token) VALUES ('07c60f71-e331-42ce-ae5f-8aff26cfb264', '00000000-0000-0000-0000-000000000000', 'authenticated', 'authenticated', 'user2@example.com', crypt('password123', gen_salt('bf')), now(), null, now(), '{"provider": "email", "providers": ["email"]}', '{"username": "user2"}', now(), now(), '', '', '', '');
INSERT INTO auth.users (id, instance_id, aud, role, email, encrypted_password, email_confirmed_at, recovery_sent_at, last_sign_in_at, raw_app_meta_data, raw_user_meta_data, created_at, updated_at, confirmation_token, email_change, email_change_token_new, recovery_token) VALUES ('f513b0fc-292d-474d-beb0-6d534b396642', '00000000-0000-0000-0000-000000000000', 'authenticated', 'authenticated', 'user3@example.com', crypt('password123', gen_salt('bf')), now(), null, now(), '{"provider": "email", "providers": ["email"]}', '{"username": "user3"}', now(), now(), '', '', '', '');
INSERT INTO auth.users (id, instance_id, aud, role, email, encrypted_password, email_confirmed_at, recovery_sent_at, last_sign_in_at, raw_app_meta_data, raw_user_meta_data, created_at, updated_at, confirmation_token, email_change, email_change_token_new, recovery_token) VALUES ('6ceeacc8-6503-40b4-b7d1-9f14c0c61c43', '00000000-0000-0000-0000-000000000000', 'authenticated', 'authenticated', 'user4@example.com', crypt('password123', gen_salt('bf')), now(), null, now(), '{"provider": "email", "providers": ["email"]}', '{"username": "user4"}', now(), now(), '', '', '', '');
INSERT INTO auth.users (id, instance_id, aud, role, email, encrypted_password, email_confirmed_at, recovery_sent_at, last_sign_in_at, raw_app_meta_data, raw_user_meta_data, created_at, updated_at, confirmation_token, email_change, email_change_token_new, recovery_token) VALUES ('fe441bb7-72bb-4f18-af2d-c0b222ec229d', '00000000-0000-0000-0000-000000000000', 'authenticated', 'authenticated', 'user5@example.com', crypt('password123', gen_salt('bf')), now(), null, now(), '{"provider": "email", "providers": ["email"]}', '{"username": "user5"}', now(), now(), '', '', '', '');

-- Seed Posts
INSERT INTO public.posts (user_id, category, title, content, likes_count, views_count) VALUES ('f513b0fc-292d-474d-beb0-6d534b396642', 'products', '병원 인테리어 직접 해본 후기', '이것은 병원 인테리어 직접 해본 후기에 대한 상세 내용입니다. 셀프 인테리어를 하면서 겪은 다양한 경험과 노하우를 공유합니다. 1번째 게시물입니다.', 17, 17);
INSERT INTO public.posts (user_id, category, title, content, likes_count, views_count) VALUES ('6ceeacc8-6503-40b4-b7d1-9f14c0c61c43', 'knowhow', '도배 팁 공유합니다', '이것은 도배 팁 공유합니다에 대한 상세 내용입니다. 셀프 인테리어를 하면서 겪은 다양한 경험과 노하우를 공유합니다. 2번째 게시물입니다.', 35, 28);
INSERT INTO public.posts (user_id, category, title, content, likes_count, views_count) VALUES ('66751a21-4d60-4bbd-937a-1aa4057c44d4', 'qna', '대기실 의자 추천', '이것은 대기실 의자 추천에 대한 상세 내용입니다. 셀프 인테리어를 하면서 겪은 다양한 경험과 노하우를 공유합니다. 3번째 게시물입니다.', 49, 171);
INSERT INTO public.posts (user_id, category, title, content, likes_count, views_count) VALUES ('6ceeacc8-6503-40b4-b7d1-9f14c0c61c43', 'qna', '이 공구 꼭 사세요', '이것은 이 공구 꼭 사세요에 대한 상세 내용입니다. 셀프 인테리어를 하면서 겪은 다양한 경험과 노하우를 공유합니다. 4번째 게시물입니다.', 18, 58);
INSERT INTO public.posts (user_id, category, title, content, likes_count, views_count) VALUES ('66751a21-4d60-4bbd-937a-1aa4057c44d4', 'knowhow', '간판 디자인 템플릿', '이것은 간판 디자인 템플릿에 대한 상세 내용입니다. 셀프 인테리어를 하면서 겪은 다양한 경험과 노하우를 공유합니다. 5번째 게시물입니다.', 35, 117);
INSERT INTO public.posts (user_id, category, title, content, likes_count, views_count) VALUES ('66751a21-4d60-4bbd-937a-1aa4057c44d4', 'templates', '이거 어떻게 수리하나요?', '이것은 이거 어떻게 수리하나요?에 대한 상세 내용입니다. 셀프 인테리어를 하면서 겪은 다양한 경험과 노하우를 공유합니다. 6번째 게시물입니다.', 49, 169);
INSERT INTO public.posts (user_id, category, title, content, likes_count, views_count) VALUES ('66751a21-4d60-4bbd-937a-1aa4057c44d4', 'tip', '셀프 페인팅 성공기', '이것은 셀프 페인팅 성공기에 대한 상세 내용입니다. 셀프 인테리어를 하면서 겪은 다양한 경험과 노하우를 공유합니다. 7번째 게시물입니다.', 2, 127);
INSERT INTO public.posts (user_id, category, title, content, likes_count, views_count) VALUES ('07c60f71-e331-42ce-ae5f-8aff26cfb264', 'products', '바닥재 선택 가이드', '이것은 바닥재 선택 가이드에 대한 상세 내용입니다. 셀프 인테리어를 하면서 겪은 다양한 경험과 노하우를 공유합니다. 8번째 게시물입니다.', 9, 116);
INSERT INTO public.posts (user_id, category, title, content, likes_count, views_count) VALUES ('f513b0fc-292d-474d-beb0-6d534b396642', 'tools', '조명 설치 후기', '이것은 조명 설치 후기에 대한 상세 내용입니다. 셀프 인테리어를 하면서 겪은 다양한 경험과 노하우를 공유합니다. 9번째 게시물입니다.', 42, 1);
INSERT INTO public.posts (user_id, category, title, content, likes_count, views_count) VALUES ('f513b0fc-292d-474d-beb0-6d534b396642', 'tools', '수전 교체 방법', '이것은 수전 교체 방법에 대한 상세 내용입니다. 셀프 인테리어를 하면서 겪은 다양한 경험과 노하우를 공유합니다. 10번째 게시물입니다.', 18, 164);
INSERT INTO public.posts (user_id, category, title, content, likes_count, views_count) VALUES ('fe441bb7-72bb-4f18-af2d-c0b222ec229d', 'tip', '진료실 방음 팁', '이것은 진료실 방음 팁에 대한 상세 내용입니다. 셀프 인테리어를 하면서 겪은 다양한 경험과 노하우를 공유합니다. 11번째 게시물입니다.', 0, 1);
INSERT INTO public.posts (user_id, category, title, content, likes_count, views_count) VALUES ('07c60f71-e331-42ce-ae5f-8aff26cfb264', 'tip', '수납장 리폼', '이것은 수납장 리폼에 대한 상세 내용입니다. 셀프 인테리어를 하면서 겪은 다양한 경험과 노하우를 공유합니다. 12번째 게시물입니다.', 29, 52);
INSERT INTO public.posts (user_id, category, title, content, likes_count, views_count) VALUES ('07c60f71-e331-42ce-ae5f-8aff26cfb264', 'templates', '안내데스크 꾸미기', '이것은 안내데스크 꾸미기에 대한 상세 내용입니다. 셀프 인테리어를 하면서 겪은 다양한 경험과 노하우를 공유합니다. 13번째 게시물입니다.', 14, 39);
INSERT INTO public.posts (user_id, category, title, content, likes_count, views_count) VALUES ('66751a21-4d60-4bbd-937a-1aa4057c44d4', 'products', '대기실 테이블 추천', '이것은 대기실 테이블 추천에 대한 상세 내용입니다. 셀프 인테리어를 하면서 겪은 다양한 경험과 노하우를 공유합니다. 14번째 게시물입니다.', 28, 58);
INSERT INTO public.posts (user_id, category, title, content, likes_count, views_count) VALUES ('f513b0fc-292d-474d-beb0-6d534b396642', 'tools', '콘센트 추가 설치기', '이것은 콘센트 추가 설치기에 대한 상세 내용입니다. 셀프 인테리어를 하면서 겪은 다양한 경험과 노하우를 공유합니다. 15번째 게시물입니다.', 40, 95);
INSERT INTO public.posts (user_id, category, title, content, likes_count, views_count) VALUES ('66751a21-4d60-4bbd-937a-1aa4057c44d4', 'tip', '방문 손잡이 교체', '이것은 방문 손잡이 교체에 대한 상세 내용입니다. 셀프 인테리어를 하면서 겪은 다양한 경험과 노하우를 공유합니다. 16번째 게시물입니다.', 15, 183);
INSERT INTO public.posts (user_id, category, title, content, likes_count, views_count) VALUES ('07c60f71-e331-42ce-ae5f-8aff26cfb264', 'tools', '에어컨 필터 청소', '이것은 에어컨 필터 청소에 대한 상세 내용입니다. 셀프 인테리어를 하면서 겪은 다양한 경험과 노하우를 공유합니다. 17번째 게시물입니다.', 29, 45);
INSERT INTO public.posts (user_id, category, title, content, likes_count, views_count) VALUES ('fe441bb7-72bb-4f18-af2d-c0b222ec229d', 'products', '공기청정기 필터 교체주기', '이것은 공기청정기 필터 교체주기에 대한 상세 내용입니다. 셀프 인테리어를 하면서 겪은 다양한 경험과 노하우를 공유합니다. 18번째 게시물입니다.', 41, 83);
INSERT INTO public.posts (user_id, category, title, content, likes_count, views_count) VALUES ('6ceeacc8-6503-40b4-b7d1-9f14c0c61c43', 'knowhow', '화분 추천해주세요', '이것은 화분 추천해주세요에 대한 상세 내용입니다. 셀프 인테리어를 하면서 겪은 다양한 경험과 노하우를 공유합니다. 19번째 게시물입니다.', 49, 38);
INSERT INTO public.posts (user_id, category, title, content, likes_count, views_count) VALUES ('6ceeacc8-6503-40b4-b7d1-9f14c0c61c43', 'templates', '인테리어 소품 공유', '이것은 인테리어 소품 공유에 대한 상세 내용입니다. 셀프 인테리어를 하면서 겪은 다양한 경험과 노하우를 공유합니다. 20번째 게시물입니다.', 33, 128);
INSERT INTO public.posts (user_id, category, title, content, likes_count, views_count) VALUES ('6ceeacc8-6503-40b4-b7d1-9f14c0c61c43', 'knowhow', '블라인드 설치', '이것은 블라인드 설치에 대한 상세 내용입니다. 셀프 인테리어를 하면서 겪은 다양한 경험과 노하우를 공유합니다. 21번째 게시물입니다.', 28, 158);
INSERT INTO public.posts (user_id, category, title, content, likes_count, views_count) VALUES ('66751a21-4d60-4bbd-937a-1aa4057c44d4', 'qna', '커튼 vs 블라인드', '이것은 커튼 vs 블라인드에 대한 상세 내용입니다. 셀프 인테리어를 하면서 겪은 다양한 경험과 노하우를 공유합니다. 22번째 게시물입니다.', 41, 106);
INSERT INTO public.posts (user_id, category, title, content, likes_count, views_count) VALUES ('fe441bb7-72bb-4f18-af2d-c0b222ec229d', 'tip', 'CCTV 설치기', '이것은 CCTV 설치기에 대한 상세 내용입니다. 셀프 인테리어를 하면서 겪은 다양한 경험과 노하우를 공유합니다. 23번째 게시물입니다.', 30, 154);
INSERT INTO public.posts (user_id, category, title, content, likes_count, views_count) VALUES ('07c60f71-e331-42ce-ae5f-8aff26cfb264', 'tools', '간판 조명 교체', '이것은 간판 조명 교체에 대한 상세 내용입니다. 셀프 인테리어를 하면서 겪은 다양한 경험과 노하우를 공유합니다. 24번째 게시물입니다.', 44, 19);
INSERT INTO public.posts (user_id, category, title, content, likes_count, views_count) VALUES ('07c60f71-e331-42ce-ae5f-8aff26cfb264', 'knowhow', '페인트 추천', '이것은 페인트 추천에 대한 상세 내용입니다. 셀프 인테리어를 하면서 겪은 다양한 경험과 노하우를 공유합니다. 25번째 게시물입니다.', 16, 173);
INSERT INTO public.posts (user_id, category, title, content, likes_count, views_count) VALUES ('6ceeacc8-6503-40b4-b7d1-9f14c0c61c43', 'knowhow', '벽지 vs 페인트', '이것은 벽지 vs 페인트에 대한 상세 내용입니다. 셀프 인테리어를 하면서 겪은 다양한 경험과 노하우를 공유합니다. 26번째 게시물입니다.', 7, 143);
INSERT INTO public.posts (user_id, category, title, content, likes_count, views_count) VALUES ('fe441bb7-72bb-4f18-af2d-c0b222ec229d', 'knowhow', '데스크탑 선정리', '이것은 데스크탑 선정리에 대한 상세 내용입니다. 셀프 인테리어를 하면서 겪은 다양한 경험과 노하우를 공유합니다. 27번째 게시물입니다.', 26, 108);
INSERT INTO public.posts (user_id, category, title, content, likes_count, views_count) VALUES ('fe441bb7-72bb-4f18-af2d-c0b222ec229d', 'knowhow', '정수기 렌탈 vs 구매', '이것은 정수기 렌탈 vs 구매에 대한 상세 내용입니다. 셀프 인테리어를 하면서 겪은 다양한 경험과 노하우를 공유합니다. 28번째 게시물입니다.', 3, 69);
INSERT INTO public.posts (user_id, category, title, content, likes_count, views_count) VALUES ('f513b0fc-292d-474d-beb0-6d534b396642', 'knowhow', '스피커 설치', '이것은 스피커 설치에 대한 상세 내용입니다. 셀프 인테리어를 하면서 겪은 다양한 경험과 노하우를 공유합니다. 29번째 게시물입니다.', 4, 27);
INSERT INTO public.posts (user_id, category, title, content, likes_count, views_count) VALUES ('f513b0fc-292d-474d-beb0-6d534b396642', 'tip', '대기실 잡지 추천', '이것은 대기실 잡지 추천에 대한 상세 내용입니다. 셀프 인테리어를 하면서 겪은 다양한 경험과 노하우를 공유합니다. 30번째 게시물입니다.', 22, 42);

-- Seed Comments
INSERT INTO public.comments (post_id, user_id, content) VALUES (8, '07c60f71-e331-42ce-ae5f-8aff26cfb264', '어디서 구매하셨나요? (1)');
INSERT INTO public.comments (post_id, user_id, content) VALUES (10, '6ceeacc8-6503-40b4-b7d1-9f14c0c61c43', '잘 보고 갑니다. (2)');
INSERT INTO public.comments (post_id, user_id, content) VALUES (15, 'fe441bb7-72bb-4f18-af2d-c0b222ec229d', '좋은 정보 감사합니다! (3)');
INSERT INTO public.comments (post_id, user_id, content) VALUES (15, 'f513b0fc-292d-474d-beb0-6d534b396642', '어디서 구매하셨나요? (4)');
INSERT INTO public.comments (post_id, user_id, content) VALUES (4, 'fe441bb7-72bb-4f18-af2d-c0b222ec229d', '좋은 정보 감사합니다! (5)');
INSERT INTO public.comments (post_id, user_id, content) VALUES (25, '66751a21-4d60-4bbd-937a-1aa4057c44d4', '저도 이렇게 해봐야겠네요. (6)');
INSERT INTO public.comments (post_id, user_id, content) VALUES (9, '6ceeacc8-6503-40b4-b7d1-9f14c0c61c43', '대단하시네요! (7)');
INSERT INTO public.comments (post_id, user_id, content) VALUES (4, 'fe441bb7-72bb-4f18-af2d-c0b222ec229d', '대단하시네요! (8)');
INSERT INTO public.comments (post_id, user_id, content) VALUES (2, 'fe441bb7-72bb-4f18-af2d-c0b222ec229d', '추가 팁이 있다면 알려주세요. (9)');
INSERT INTO public.comments (post_id, user_id, content) VALUES (7, '6ceeacc8-6503-40b4-b7d1-9f14c0c61c43', '대단하시네요! (10)');
INSERT INTO public.comments (post_id, user_id, content) VALUES (14, '07c60f71-e331-42ce-ae5f-8aff26cfb264', '공유 감사합니다. (11)');
INSERT INTO public.comments (post_id, user_id, content) VALUES (7, 'fe441bb7-72bb-4f18-af2d-c0b222ec229d', '도움이 많이 되었습니다. (12)');
INSERT INTO public.comments (post_id, user_id, content) VALUES (30, 'f513b0fc-292d-474d-beb0-6d534b396642', '잘 보고 갑니다. (13)');
INSERT INTO public.comments (post_id, user_id, content) VALUES (15, '66751a21-4d60-4bbd-937a-1aa4057c44d4', '공유 감사합니다. (14)');
INSERT INTO public.comments (post_id, user_id, content) VALUES (26, '07c60f71-e331-42ce-ae5f-8aff26cfb264', '저도 이렇게 해봐야겠네요. (15)');
INSERT INTO public.comments (post_id, user_id, content) VALUES (21, '07c60f71-e331-42ce-ae5f-8aff26cfb264', '좋은 정보 감사합니다! (16)');
INSERT INTO public.comments (post_id, user_id, content) VALUES (20, '6ceeacc8-6503-40b4-b7d1-9f14c0c61c43', '좋은 정보 감사합니다! (17)');
INSERT INTO public.comments (post_id, user_id, content) VALUES (12, '6ceeacc8-6503-40b4-b7d1-9f14c0c61c43', '공유 감사합니다. (18)');
INSERT INTO public.comments (post_id, user_id, content) VALUES (23, 'fe441bb7-72bb-4f18-af2d-c0b222ec229d', '저도 이렇게 해봐야겠네요. (19)');
INSERT INTO public.comments (post_id, user_id, content) VALUES (1, '66751a21-4d60-4bbd-937a-1aa4057c44d4', '저도 이렇게 해봐야겠네요. (20)');
INSERT INTO public.comments (post_id, user_id, content) VALUES (5, '66751a21-4d60-4bbd-937a-1aa4057c44d4', '어디서 구매하셨나요? (21)');
INSERT INTO public.comments (post_id, user_id, content) VALUES (30, '6ceeacc8-6503-40b4-b7d1-9f14c0c61c43', '도움이 많이 되었습니다. (22)');
INSERT INTO public.comments (post_id, user_id, content) VALUES (28, '07c60f71-e331-42ce-ae5f-8aff26cfb264', '도움이 많이 되었습니다. (23)');
INSERT INTO public.comments (post_id, user_id, content) VALUES (11, '07c60f71-e331-42ce-ae5f-8aff26cfb264', '잘 보고 갑니다. (24)');
INSERT INTO public.comments (post_id, user_id, content) VALUES (2, '66751a21-4d60-4bbd-937a-1aa4057c44d4', '공유 감사합니다. (25)');
INSERT INTO public.comments (post_id, user_id, content) VALUES (8, 'fe441bb7-72bb-4f18-af2d-c0b222ec229d', '저도 이렇게 해봐야겠네요. (26)');
INSERT INTO public.comments (post_id, user_id, content) VALUES (24, 'f513b0fc-292d-474d-beb0-6d534b396642', '도움이 많이 되었습니다. (27)');
INSERT INTO public.comments (post_id, user_id, content) VALUES (23, '66751a21-4d60-4bbd-937a-1aa4057c44d4', '어디서 구매하셨나요? (28)');
INSERT INTO public.comments (post_id, user_id, content) VALUES (1, 'fe441bb7-72bb-4f18-af2d-c0b222ec229d', '저희 병원에도 적용해볼게요. (29)');
INSERT INTO public.comments (post_id, user_id, content) VALUES (23, 'fe441bb7-72bb-4f18-af2d-c0b222ec229d', '잘 보고 갑니다. (30)');
INSERT INTO public.comments (post_id, user_id, content) VALUES (15, '66751a21-4d60-4bbd-937a-1aa4057c44d4', '좋은 정보 감사합니다! (31)');
INSERT INTO public.comments (post_id, user_id, content) VALUES (30, 'f513b0fc-292d-474d-beb0-6d534b396642', '대단하시네요! (32)');
INSERT INTO public.comments (post_id, user_id, content) VALUES (5, 'f513b0fc-292d-474d-beb0-6d534b396642', '잘 보고 갑니다. (33)');
INSERT INTO public.comments (post_id, user_id, content) VALUES (30, '07c60f71-e331-42ce-ae5f-8aff26cfb264', '저희 병원에도 적용해볼게요. (34)');
INSERT INTO public.comments (post_id, user_id, content) VALUES (12, '6ceeacc8-6503-40b4-b7d1-9f14c0c61c43', '도움이 많이 되었습니다. (35)');
INSERT INTO public.comments (post_id, user_id, content) VALUES (23, '6ceeacc8-6503-40b4-b7d1-9f14c0c61c43', '추가 팁이 있다면 알려주세요. (36)');
INSERT INTO public.comments (post_id, user_id, content) VALUES (5, '07c60f71-e331-42ce-ae5f-8aff26cfb264', '저희 병원에도 적용해볼게요. (37)');
INSERT INTO public.comments (post_id, user_id, content) VALUES (24, '6ceeacc8-6503-40b4-b7d1-9f14c0c61c43', '좋은 정보 감사합니다! (38)');
INSERT INTO public.comments (post_id, user_id, content) VALUES (29, 'fe441bb7-72bb-4f18-af2d-c0b222ec229d', '추가 팁이 있다면 알려주세요. (39)');
INSERT INTO public.comments (post_id, user_id, content) VALUES (3, 'f513b0fc-292d-474d-beb0-6d534b396642', '저희 병원에도 적용해볼게요. (40)');
INSERT INTO public.comments (post_id, user_id, content) VALUES (18, 'f513b0fc-292d-474d-beb0-6d534b396642', '좋은 정보 감사합니다! (41)');
INSERT INTO public.comments (post_id, user_id, content) VALUES (3, 'f513b0fc-292d-474d-beb0-6d534b396642', '저도 이렇게 해봐야겠네요. (42)');
INSERT INTO public.comments (post_id, user_id, content) VALUES (10, '07c60f71-e331-42ce-ae5f-8aff26cfb264', '추가 팁이 있다면 알려주세요. (43)');
INSERT INTO public.comments (post_id, user_id, content) VALUES (19, '6ceeacc8-6503-40b4-b7d1-9f14c0c61c43', '대단하시네요! (44)');
INSERT INTO public.comments (post_id, user_id, content) VALUES (17, 'f513b0fc-292d-474d-beb0-6d534b396642', '질문이 있습니다. (45)');
INSERT INTO public.comments (post_id, user_id, content) VALUES (26, 'fe441bb7-72bb-4f18-af2d-c0b222ec229d', '추가 팁이 있다면 알려주세요. (46)');
INSERT INTO public.comments (post_id, user_id, content) VALUES (25, '66751a21-4d60-4bbd-937a-1aa4057c44d4', '어디서 구매하셨나요? (47)');
INSERT INTO public.comments (post_id, user_id, content) VALUES (17, 'fe441bb7-72bb-4f18-af2d-c0b222ec229d', '좋은 정보 감사합니다! (48)');
INSERT INTO public.comments (post_id, user_id, content) VALUES (16, 'fe441bb7-72bb-4f18-af2d-c0b222ec229d', '좋은 정보 감사합니다! (49)');
INSERT INTO public.comments (post_id, user_id, content) VALUES (15, '66751a21-4d60-4bbd-937a-1aa4057c44d4', '도움이 많이 되었습니다. (50)');
INSERT INTO public.comments (post_id, user_id, content) VALUES (10, '07c60f71-e331-42ce-ae5f-8aff26cfb264', '저희 병원에도 적용해볼게요. (51)');
INSERT INTO public.comments (post_id, user_id, content) VALUES (11, 'f513b0fc-292d-474d-beb0-6d534b396642', '공유 감사합니다. (52)');
INSERT INTO public.comments (post_id, user_id, content) VALUES (7, 'f513b0fc-292d-474d-beb0-6d534b396642', '어디서 구매하셨나요? (53)');
INSERT INTO public.comments (post_id, user_id, content) VALUES (27, 'fe441bb7-72bb-4f18-af2d-c0b222ec229d', '어디서 구매하셨나요? (54)');
INSERT INTO public.comments (post_id, user_id, content) VALUES (24, '66751a21-4d60-4bbd-937a-1aa4057c44d4', '공유 감사합니다. (55)');
INSERT INTO public.comments (post_id, user_id, content) VALUES (27, 'f513b0fc-292d-474d-beb0-6d534b396642', '대단하시네요! (56)');
INSERT INTO public.comments (post_id, user_id, content) VALUES (5, '07c60f71-e331-42ce-ae5f-8aff26cfb264', '저희 병원에도 적용해볼게요. (57)');
INSERT INTO public.comments (post_id, user_id, content) VALUES (9, '6ceeacc8-6503-40b4-b7d1-9f14c0c61c43', '저도 이렇게 해봐야겠네요. (58)');
INSERT INTO public.comments (post_id, user_id, content) VALUES (23, '66751a21-4d60-4bbd-937a-1aa4057c44d4', '추가 팁이 있다면 알려주세요. (59)');
INSERT INTO public.comments (post_id, user_id, content) VALUES (11, '66751a21-4d60-4bbd-937a-1aa4057c44d4', '잘 보고 갑니다. (60)');
INSERT INTO public.comments (post_id, user_id, content) VALUES (30, '66751a21-4d60-4bbd-937a-1aa4057c44d4', '좋은 정보 감사합니다! (61)');
INSERT INTO public.comments (post_id, user_id, content) VALUES (10, '6ceeacc8-6503-40b4-b7d1-9f14c0c61c43', '추가 팁이 있다면 알려주세요. (62)');
INSERT INTO public.comments (post_id, user_id, content) VALUES (24, 'fe441bb7-72bb-4f18-af2d-c0b222ec229d', '어디서 구매하셨나요? (63)');
INSERT INTO public.comments (post_id, user_id, content) VALUES (25, 'fe441bb7-72bb-4f18-af2d-c0b222ec229d', '추가 팁이 있다면 알려주세요. (64)');
INSERT INTO public.comments (post_id, user_id, content) VALUES (24, 'fe441bb7-72bb-4f18-af2d-c0b222ec229d', '저도 이렇게 해봐야겠네요. (65)');
INSERT INTO public.comments (post_id, user_id, content) VALUES (11, 'fe441bb7-72bb-4f18-af2d-c0b222ec229d', '추가 팁이 있다면 알려주세요. (66)');
INSERT INTO public.comments (post_id, user_id, content) VALUES (2, '07c60f71-e331-42ce-ae5f-8aff26cfb264', '좋은 정보 감사합니다! (67)');
INSERT INTO public.comments (post_id, user_id, content) VALUES (2, '66751a21-4d60-4bbd-937a-1aa4057c44d4', '대단하시네요! (68)');
INSERT INTO public.comments (post_id, user_id, content) VALUES (5, '07c60f71-e331-42ce-ae5f-8aff26cfb264', '좋은 정보 감사합니다! (69)');
INSERT INTO public.comments (post_id, user_id, content) VALUES (2, '07c60f71-e331-42ce-ae5f-8aff26cfb264', '저희 병원에도 적용해볼게요. (70)');
INSERT INTO public.comments (post_id, user_id, content) VALUES (9, 'fe441bb7-72bb-4f18-af2d-c0b222ec229d', '잘 보고 갑니다. (71)');
INSERT INTO public.comments (post_id, user_id, content) VALUES (26, 'f513b0fc-292d-474d-beb0-6d534b396642', '좋은 정보 감사합니다! (72)');
INSERT INTO public.comments (post_id, user_id, content) VALUES (17, '07c60f71-e331-42ce-ae5f-8aff26cfb264', '저도 이렇게 해봐야겠네요. (73)');
INSERT INTO public.comments (post_id, user_id, content) VALUES (9, '07c60f71-e331-42ce-ae5f-8aff26cfb264', '저도 이렇게 해봐야겠네요. (74)');
INSERT INTO public.comments (post_id, user_id, content) VALUES (14, '07c60f71-e331-42ce-ae5f-8aff26cfb264', '잘 보고 갑니다. (75)');
INSERT INTO public.comments (post_id, user_id, content) VALUES (29, '07c60f71-e331-42ce-ae5f-8aff26cfb264', '도움이 많이 되었습니다. (76)');
INSERT INTO public.comments (post_id, user_id, content) VALUES (19, 'fe441bb7-72bb-4f18-af2d-c0b222ec229d', '잘 보고 갑니다. (77)');
INSERT INTO public.comments (post_id, user_id, content) VALUES (19, '07c60f71-e331-42ce-ae5f-8aff26cfb264', '좋은 정보 감사합니다! (78)');
INSERT INTO public.comments (post_id, user_id, content) VALUES (2, '6ceeacc8-6503-40b4-b7d1-9f14c0c61c43', '저희 병원에도 적용해볼게요. (79)');
INSERT INTO public.comments (post_id, user_id, content) VALUES (8, '66751a21-4d60-4bbd-937a-1aa4057c44d4', '공유 감사합니다. (80)');
INSERT INTO public.comments (post_id, user_id, content) VALUES (19, '66751a21-4d60-4bbd-937a-1aa4057c44d4', '저희 병원에도 적용해볼게요. (81)');
INSERT INTO public.comments (post_id, user_id, content) VALUES (3, 'fe441bb7-72bb-4f18-af2d-c0b222ec229d', '어디서 구매하셨나요? (82)');
INSERT INTO public.comments (post_id, user_id, content) VALUES (17, '6ceeacc8-6503-40b4-b7d1-9f14c0c61c43', '저도 이렇게 해봐야겠네요. (83)');
INSERT INTO public.comments (post_id, user_id, content) VALUES (2, '6ceeacc8-6503-40b4-b7d1-9f14c0c61c43', '좋은 정보 감사합니다! (84)');
INSERT INTO public.comments (post_id, user_id, content) VALUES (21, 'fe441bb7-72bb-4f18-af2d-c0b222ec229d', '어디서 구매하셨나요? (85)');
INSERT INTO public.comments (post_id, user_id, content) VALUES (6, '07c60f71-e331-42ce-ae5f-8aff26cfb264', '저희 병원에도 적용해볼게요. (86)');
INSERT INTO public.comments (post_id, user_id, content) VALUES (25, '07c60f71-e331-42ce-ae5f-8aff26cfb264', '공유 감사합니다. (87)');
INSERT INTO public.comments (post_id, user_id, content) VALUES (22, '07c60f71-e331-42ce-ae5f-8aff26cfb264', '저도 이렇게 해봐야겠네요. (88)');
INSERT INTO public.comments (post_id, user_id, content) VALUES (1, 'fe441bb7-72bb-4f18-af2d-c0b222ec229d', '저도 이렇게 해봐야겠네요. (89)');
INSERT INTO public.comments (post_id, user_id, content) VALUES (26, '6ceeacc8-6503-40b4-b7d1-9f14c0c61c43', '질문이 있습니다. (90)');
INSERT INTO public.comments (post_id, user_id, content) VALUES (4, '6ceeacc8-6503-40b4-b7d1-9f14c0c61c43', '대단하시네요! (91)');
INSERT INTO public.comments (post_id, user_id, content) VALUES (19, '66751a21-4d60-4bbd-937a-1aa4057c44d4', '도움이 많이 되었습니다. (92)');
INSERT INTO public.comments (post_id, user_id, content) VALUES (23, 'fe441bb7-72bb-4f18-af2d-c0b222ec229d', '어디서 구매하셨나요? (93)');
INSERT INTO public.comments (post_id, user_id, content) VALUES (19, '66751a21-4d60-4bbd-937a-1aa4057c44d4', '추가 팁이 있다면 알려주세요. (94)');
INSERT INTO public.comments (post_id, user_id, content) VALUES (11, 'f513b0fc-292d-474d-beb0-6d534b396642', '저도 이렇게 해봐야겠네요. (95)');
INSERT INTO public.comments (post_id, user_id, content) VALUES (9, 'f513b0fc-292d-474d-beb0-6d534b396642', '질문이 있습니다. (96)');
INSERT INTO public.comments (post_id, user_id, content) VALUES (17, '07c60f71-e331-42ce-ae5f-8aff26cfb264', '저도 이렇게 해봐야겠네요. (97)');
INSERT INTO public.comments (post_id, user_id, content) VALUES (27, 'fe441bb7-72bb-4f18-af2d-c0b222ec229d', '도움이 많이 되었습니다. (98)');
INSERT INTO public.comments (post_id, user_id, content) VALUES (16, '07c60f71-e331-42ce-ae5f-8aff26cfb264', '추가 팁이 있다면 알려주세요. (99)');
INSERT INTO public.comments (post_id, user_id, content) VALUES (28, '66751a21-4d60-4bbd-937a-1aa4057c44d4', '추가 팁이 있다면 알려주세요. (100)');
